FN,FP,TN,TP,TPR,FPR,TNR,FNR,FDR,Precision,Power,Accuracy,DA_thresh,pop,enr,seed,batchEffect,method
16078,1,47283,656,0.03920162543324967,2.1148802977751458e-5,0.9999788511970222,0.9607983745667503,0.0015220700152207,0.9984779299847792,0.039201625433249676,0.7488362648005249,0.5406022,Caudal_neurectoderm,0.7,43,0,milo_red
16460,1,47283,274,0.016373849647424405,2.1148802977751458e-5,0.9999788511970222,0.9836261503525756,0.0036363636363636364,0.9963636363636363,0.016373849647424388,0.7428691930394576,0.5406022,Caudal_neurectoderm,0.7,43,0,milo_tri
16112,0,47284,622,0.03716983387116051,0,1,0.9628301661288395,0,1,0.03716983387116046,0.7483207847792809,0.5406022,Caudal_neurectoderm,0.7,44,0,milo_red
16222,2,47282,512,0.030596390582048525,4.2297605955502916e-5,0.9999577023940445,0.9694036094179515,0.0038910505836575876,0.9961089494163424,0.03059639058204855,0.746571276828392,0.5406022,Caudal_neurectoderm,0.7,44,0,milo_tri
15881,3,47281,853,0.050974064778295684,6.344640893325438e-5,0.9999365535910667,0.9490259352217043,0.0035046728971962616,0.9964953271028038,0.05097406477829569,0.7518822831078759,0.5406022,Caudal_neurectoderm,0.7,45,0,milo_red
16247,79,47219,473,0.028289473684210528,0.0016702608989809294,0.9983297391010191,0.9717105263157895,0.1431159420289855,0.8568840579710145,0.02828947368421053,0.7449779749445469,0.5406022,Caudal_neurectoderm,0.7,45,0,milo_tri
17996,42,43466,2514,0.12257435397367138,9.653397076399742e-4,0.99903466029236,0.8774256460263287,0.01643192488262911,0.9835680751173709,0.12257435397367134,0.718235496266675,0.5406022,Caudal_neurectoderm,0.75,43,0,milo_red
18738,5,43503,1772,0.086396879570941,1.149213937666636e-4,0.9998850786062333,0.913603120429059,0.0028137310073157004,0.9971862689926843,0.086396879570941,0.7072229685400981,0.5406022,Caudal_neurectoderm,0.75,43,0,milo_tri
18891,42,43466,1619,0.07893710385177961,9.653397076399742e-4,0.99903466029236,0.9210628961482203,0.025285972305839857,0.9747140276941602,0.07893710385177966,0.7042550532662689,0.5406022,Caudal_neurectoderm,0.75,44,0,milo_red
19400,1,43507,1110,0.05411994149195514,2.2984278753332722e-5,0.9999770157212466,0.9458800585080449,9.000900090009e-4,0.9990999099909991,0.05411994149195509,0.6969446093286263,0.5406022,Caudal_neurectoderm,0.75,44,0,milo_tri
18065,47,43461,2445,0.11921014139444173,0.0010802611014066378,0.9989197388985933,0.8807898586055583,0.01886035313001605,0.9811396468699839,0.11921014139444175,0.717079571370552,0.5406022,Caudal_neurectoderm,0.75,45,0,milo_red
18379,14,43494,2131,0.10390053632374452,3.217799025466581e-4,0.9996782200974533,0.8960994636762555,0.006526806526806527,0.9934731934731935,0.10390053632374452,0.7126901808866256,0.5406022,Caudal_neurectoderm,0.75,45,0,milo_tri
20648,90,38719,4561,0.18092744654686818,0.002319049704965343,0.9976809502950347,0.8190725534531318,0.01935067727370458,0.9806493227262955,0.1809274465468682,0.6760598581648911,0.5406022,Caudal_neurectoderm,0.8,43,0,milo_red
19929,69,38730,5290,0.20976248066933662,0.0017783963504214026,0.9982216036495786,0.7902375193306634,0.012875536480686695,0.9871244635193133,0.20976248066933656,0.6876191071261207,0.5406022,Caudal_neurectoderm,0.8,43,0,milo_tri
22570,88,38711,2649,0.1050398509060629,0.0022680996932910643,0.9977319003067089,0.8949601490939371,0.03215199123127512,0.9678480087687249,0.10503985090606294,0.6460682932925115,0.5406022,Caudal_neurectoderm,0.8,44,0,milo_red
21951,51,38748,3268,0.1295848368293747,0.0013144668677027758,0.9986855331322972,0.8704151631706253,0.015366074118710455,0.9846339258812895,0.12958483682937472,0.6563154112905746,0.5406022,Caudal_neurectoderm,0.8,44,0,milo_tri
21026,132,38670,4190,0.16616434010152284,0.0034018865006958405,0.9965981134993042,0.8338356598984772,0.03054141601110597,0.9694585839888941,0.1661643401015228,0.6694992033490581,0.5406022,Caudal_neurectoderm,0.8,45,0,milo_red
21242,31,38768,3977,0.1576985606090646,7.989896646820794e-4,0.9992010103353179,0.8423014393909354,0.007734530938123752,0.9922654690618763,0.15769856060906462,0.6677028335780562,0.5406022,Caudal_neurectoderm,0.8,45,0,milo_tri
22349,204,34355,7110,0.24135238806476797,0.005902948580688099,0.9940970514193119,0.758647611935232,0.02789171452009844,0.9721082854799016,0.241352388064768,0.6477084569964697,0.5406022,Caudal_neurectoderm,0.85,43,0,milo_red
22539,69,34464,6946,0.23557741224351364,0.0019980887846407784,0.9980019112153592,0.7644225877564863,0.009836065573770493,0.9901639344262295,0.2355774122435137,0.6468493236277297,0.5406022,Caudal_neurectoderm,0.85,43,0,milo_tri
24152,287,34247,5332,0.1808438475105142,0.008310650373544913,0.991689349626455,0.8191561524894858,0.051076704039864744,0.9489232959601352,0.1808438475105142,0.6182479927520385,0.5406022,Caudal_neurectoderm,0.85,44,0,milo_red
22831,176,34359,6652,0.22562154461893294,0.0050962791371072826,0.9949037208628927,0.7743784553810671,0.025776215582893967,0.974223784417106,0.2256215446189329,0.6406167015526884,0.5406022,Caudal_neurectoderm,0.85,44,0,milo_tri
22690,507,34037,6784,0.23016896247540206,0.014676933765632238,0.9853230662343677,0.7698310375245979,0.06953778631189138,0.9304622136881087,0.23016896247540208,0.6376487862788591,0.5406022,Caudal_neurectoderm,0.85,45,0,milo_red
23568,86,34447,5917,0.20067831100559608,0.0024903715286827095,0.9975096284713173,0.7993216889944039,0.014326170248209228,0.9856738297517907,0.20067831100559608,0.6305101690149646,0.5406022,Caudal_neurectoderm,0.85,45,0,milo_tri
23958,299,30715,9046,0.2740879893346261,0.009640807377313472,0.9903591926226866,0.7259120106653739,0.031995719636169075,0.9680042803638309,0.2740879893346261,0.6210909431722328,0.5406022,Caudal_neurectoderm,0.9,43,0,milo_red
24625,142,30869,8382,0.2539461326385312,0.004579020347618587,0.9954209796523814,0.7460538673614687,0.01665884561238855,0.9833411543876115,0.2539461326385313,0.613124433753007,0.5406022,Caudal_neurectoderm,0.9,43,0,milo_tri
23976,352,30663,9027,0.27352058903736026,0.011349347090117685,0.9886506529098823,0.7264794109626398,0.03753065358780254,0.9624693464121975,0.2735205890373602,0.6199818800962229,0.5406022,Caudal_neurectoderm,0.9,44,0,milo_red
25083,150,30860,7925,0.24009331071255452,0.004837149306675266,0.9951628506933248,0.7599066892874454,0.018575851393188854,0.9814241486068112,0.24009331071255458,0.6058452310287732,0.5406022,Caudal_neurectoderm,0.9,44,0,milo_tri
23935,575,30464,9044,0.2742351193183541,0.01852508134927027,0.9814749186507298,0.7257648806816459,0.05977752365110718,0.9402224763488928,0.2742351193183541,0.6171389296760286,0.5406022,Caudal_neurectoderm,0.9,45,0,milo_red
25004,458,30565,7991,0.24218821033489923,0.014763240176643136,0.9852367598233569,0.7578117896651008,0.05420759853237069,0.9457924014676293,0.24218821033489923,0.6022681120934738,0.5406022,Caudal_neurectoderm,0.9,45,0,milo_tri
25210,1656,26243,10909,0.3020294028073867,0.05935696619950536,0.9406430338004946,0.6979705971926133,0.13179466772781537,0.8682053322721847,0.30202940280738666,0.5803367802805461,0.5406022,Caudal_neurectoderm,0.95,43,0,milo_red
25268,354,27505,10891,0.3011974888686081,0.012706845184679995,0.98729315481532,0.6988025111313919,0.031480658070253444,0.9685193419297465,0.3011974888686081,0.5997688150207754,0.5406022,Caudal_neurectoderm,0.95,43,0,milo_tri
26219,468,27392,9939,0.2748769290336855,0.016798277099784636,0.9832017229002153,0.7251230709663145,0.044969731911213603,0.9550302680887864,0.27487692903368555,0.5831328688806273,0.5406022,Caudal_neurectoderm,0.95,44,0,milo_red
27068,273,27578,9099,0.25158293471949567,0.00980216150227999,0.99019783849772,0.7484170652805043,0.02912932138284251,0.9708706786171575,0.25158293471949567,0.572916992095973,0.5406022,Caudal_neurectoderm,0.95,44,0,milo_tri
26258,1059,26854,9847,0.2727323085445229,0.03793931143194927,0.9620606885680507,0.7272676914554771,0.09710251237850724,0.9028974876214928,0.2727323085445229,0.5732918866568778,0.5406022,Caudal_neurectoderm,0.95,45,0,milo_red
26771,936,26938,9373,0.25932381584772024,0.03357967998851977,0.9664203200114803,0.7406761841522798,0.09079445145018916,0.9092055485498108,0.25932381584772024,0.5671998500421757,0.5406022,Caudal_neurectoderm,0.95,45,0,milo_tri
3156,4,58479,2379,0.42981029810298105,6.839594412051366e-5,0.9999316040558794,0.570189701897019,0.001678556441460344,0.9983214435585397,0.429810298102981,0.9506388828142085,0.5406022,Erythroid1,0.7,43,0,milo_red
3505,1,58482,2030,0.36675700090334235,1.7098986030128415e-5,0.9999829010139699,0.6332429990966576,4.923682914820286e-4,0.999507631708518,0.3667570009033424,0.9452341528944984,0.5406022,Erythroid1,0.7,43,0,milo_tri
3429,7,58476,2106,0.3804878048780488,1.1969290221089889e-4,0.9998803070977891,0.6195121951219512,0.003312825366777094,0.9966871746332229,0.3804878048780488,0.946327595363804,0.5406022,Erythroid1,0.7,44,0,milo_red
3839,0,58483,1696,0.3064137308039747,0,1,0.6935862691960253,0,1,0.3064137308039747,0.9400324908619451,0.5406022,Erythroid1,0.7,44,0,milo_tri
3158,6,58477,2377,0.42944896115627823,1.0259391618077048e-4,0.9998974060838193,0.5705510388437218,0.002517834662190516,0.9974821653378095,0.4294489611562782,0.950576400387391,0.5406022,Erythroid1,0.7,45,0,milo_red
3644,2,58481,1891,0.3416440831074977,3.419797206025683e-5,0.9999658020279397,0.6583559168925023,0.0010565240359218173,0.9989434759640782,0.3416440831074977,0.9430472679558874,0.5406022,Erythroid1,0.7,45,0,milo_tri
3698,26,57187,3107,0.45657604702424687,4.544421722335833e-4,0.9995455578277664,0.5434239529757531,0.008298755186721992,0.991701244813278,0.4565760470242469,0.941828860632947,0.5406022,Erythroid1,0.75,43,0,milo_red
3813,0,57213,2992,0.4396767083027186,0,1,0.5603232916972815,0,1,0.43967670830271854,0.9404386266362585,0.5406022,Erythroid1,0.75,43,0,milo_tri
3680,1,57212,3125,0.4592211609110948,1.747854508590705e-5,0.9999825214549141,0.5407788390889052,3.198976327575176e-4,0.9996801023672425,0.4592211609110948,0.9425005467212346,0.5406022,Erythroid1,0.75,44,0,milo_red
3925,2,57211,2880,0.42321822189566494,3.49570901718141e-5,0.9999650429098282,0.5767817781043351,6.939625260235947e-4,0.9993060374739764,0.42321822189566494,0.938657877471961,0.5406022,Erythroid1,0.75,44,0,milo_tri
3864,10,57203,2941,0.43218221895664954,1.7478545085907048e-4,0.999825214549141,0.5678177810433505,0.003388681802778719,0.9966113181972213,0.43218221895664954,0.9394857696272924,0.5406022,Erythroid1,0.75,45,0,milo_red
4084,1,57212,2721,0.39985304922850845,1.747854508590705e-5,0.9999825214549141,0.6001469507714916,3.673769287288758e-4,0.9996326230712711,0.3998530492285084,0.9361898216126714,0.5406022,Erythroid1,0.75,45,0,milo_tri
4525,0,55981,3512,0.4369789722533284,0,1,0.5630210277466716,0,1,0.4369789722533284,0.9293167546627511,0.5406022,Erythroid1,0.8,43,0,milo_red
4702,3,55978,3335,0.4149558292895359,5.358961076079384e-5,0.9999464103892393,0.5850441707104641,8.987417615338526e-4,0.9991012582384662,0.4149558292895359,0.9265050454559655,0.5406022,Erythroid1,0.8,43,0,milo_tri
4617,9,55972,3420,0.425531914893617,1.607688322823815e-4,0.9998392311677177,0.574468085106383,0.0026246719160104987,0.9973753280839895,0.42553191489361697,0.9277390733856103,0.5406022,Erythroid1,0.8,44,0,milo_red
4608,2,55979,3429,0.42665173572228443,3.572640717386256e-5,0.9999642735928261,0.5733482642777156,5.829204313611193e-4,0.9994170795686389,0.42665173572228443,0.9279890030928801,0.5406022,Erythroid1,0.8,44,0,milo_tri
4704,37,55679,3598,0.433389544688027,6.640821308062316e-4,0.9993359178691937,0.5666104553119731,0.010178817056396148,0.9898211829436039,0.43338954468802693,0.9259427036146084,0.5406022,Erythroid1,0.85,45,0,milo_red
4894,27,55689,3408,0.41050349313418455,4.846004738315744e-4,0.9995153995261684,0.5894965068658155,0.007860262008733625,0.9921397379912664,0.41050349313418455,0.9231309944078228,0.5406022,Erythroid1,0.85,45,0,milo_tri
4367,1,55567,4083,0.48319526627218934,1.7995968902965736e-5,0.999982004031097,0.5168047337278107,2.448579823702253e-4,0.9997551420176298,0.48319526627218934,0.9317691899153363,0.5406022,Erythroid1,0.9,43,0,milo_red
4373,5,55563,4077,0.48248520710059173,8.997984451482867e-5,0.9999100201554851,0.5175147928994083,0.001224889759921607,0.9987751102400784,0.48248520710059173,0.9316129838482927,0.5406022,Erythroid1,0.9,43,0,milo_tri
4473,9,55559,3977,0.4706508875739645,1.6196372012669162e-4,0.9998380362798733,0.5293491124260356,0.0022579026593075764,0.9977420973406924,0.47065088757396445,0.9299884407510388,0.5406022,Erythroid1,0.9,44,0,milo_red
4589,104,55476,3849,0.4561507466224224,0.0018711766822598057,0.9981288233177402,0.5438492533775776,0.026309132304578802,0.9736908676954212,0.4561507466224224,0.92669249273641785,0.5406022,Erythroid1,0.9,44,0,milo_tri
4269,21,55547,4181,0.494792899408284,3.7791534696228046e-4,0.9996220846530377,0.505207100591716,0.004997620180866254,0.9950023798191338,0.49479289940828397,0.9329875972382767,0.5406022,Erythroid1,0.9,45,0,milo_red
4657,16,55552,3793,0.4488757396449704,2.8793550244745177e-4,0.9997120644975526,0.5511242603550296,0.00420057757941717,0.9957994224205828,0.4488757396449704,0.9270049048705051,0.5406022,Erythroid1,0.9,45,0,milo_tri
4221,15,55443,4339,0.506892523364486,2.7047495401925784e-4,0.9997295250459808,0.493107476635514,0.003445107946715664,0.9965548920532843,0.506892523364486,0.9338311100003124,0.5406022,Erythroid1,0.95,43,0,milo_red
4187,3,55455,4373,0.5108644859813084,5.409499080385156e-5,0.9999459050091961,0.4891355140186916,6.855575868372943e-4,0.9993144424131627,0.5108644859813084,0.9345496579087131,0.5406022,Erythroid1,0.95,43,0,milo_tri
4634,6,55452,3926,0.4586448598130841,1.0818998160770312e-4,0.9998918100183923,0.5413551401869159,0.001525940996948118,0.9984740590030519,0.4586448598130841,0.92752038489174915,0.5406022,Erythroid1,0.95,44,0,milo_red
4447,3,55455,4113,0.4804906542056075,5.409499080385156e-5,0.9999459050091961,0.5195093457943926,7.288629737609329e-4,0.999271137026239,0.48049065420560744,0.9304883001655785,0.5406022,Erythroid1,0.95,44,0,milo_tri
4283,7,55451,4277,0.4996495327102804,1.2622164520898697e-4,0.999873778354791,0.5003504672897197,0.0016339869281045752,0.9983660130718954,0.49964953271028034,0.9329875972382767,0.5406022,Erythroid1,0.95,45,0,milo_red
4334,13,55445,4226,0.4936915887850467,2.3441162681669012e-4,0.9997655883731833,0.5063084112149533,0.003066761028544468,0.9969332389714556,0.4936915887850467,0.9320972226561279,0.5406022,Erythroid1,0.95,45,0,milo_tri
4145,2,58082,1789,0.3014829794405123,3.443289029681151e-5,0.9999655671097032,0.6985170205594877,0.0011166945840312675,0.9988833054159687,0.3014829794405123,0.9352213439970009,0.5406022,Erythroid2,0.7,43,0,milo_red
4552,1,58083,1382,0.23289518031681833,1.7216445148405756e-5,0.9999827835548516,0.7671048196831817,7.230657989877079e-4,0.9992769342010123,0.23289518031681833,0.9288793776750289,0.5406022,Erythroid2,0.7,43,0,milo_tri
4757,5,58079,1177,0.1983485001685204,8.608222574202878e-5,0.999913917774258,0.8016514998314797,0.004230118443316413,0.9957698815566836,0.19834850016852035,0.9256146708738168,0.5406022,Erythroid2,0.7,44,0,milo_red
4929,3,58081,1005,0.16936299292214357,5.164933544521727e-5,0.9999483506645548,0.8306370070778564,0.002976190476190476,0.9970238095238095,0.16936299292214363,0.9229591677340748,0.5406022,Erythroid2,0.7,44,0,milo_tri
3849,6,58078,2085,0.35136501516683516,1.0329867089043454e-4,0.9998967013291096,0.6486349848331648,0.0028694404591104736,0.9971305595408895,0.35136501516683516,0.9397825611546753,0.5406022,Erythroid2,0.7,45,0,milo_red
4395,4,58080,1539,0.25935288169868553,6.886578059362302e-5,0.9999311342194064,0.7406471183013145,0.002592352559948153,0.9974076474400518,0.25935288169868553,0.931284951107501,0.5406022,Erythroid2,0.7,45,0,milo_tri
3094,18,57674,3232,0.5109073664242807,3.120016640088747e-4,0.9996879983359911,0.48909263357571925,0.005538461538461538,0.9944615384615385,0.5109073664242807,0.951388671936018,0.5406022,Erythroid2,0.75,43,0,milo_red
3295,2,57690,3031,0.4791337337970281,3.4666851556541634e-5,0.9999653331484435,0.5208662662029718,6.594131223211342e-4,0.9993405868776789,0.47913373379702817,0.9484988596957106,0.5406022,Erythroid2,0.75,43,0,milo_tri
3666,6,57686,2660,0.420486879544736,1.0400055466962491e-4,0.9998959994453304,0.579513120455264,0.002250562640660165,0.9977494373593399,0.42048687954473596,0.942641132181574,0.5406022,Erythroid2,0.75,44,0,milo_red
4159,6,57686,2167,0.3425545368321214,1.0400055466962491e-4,0.9998959994453304,0.6574454631678786,0.0027611596870685687,0.9972388403129314,0.34255453683212145,0.9349401730763223,0.5406022,Erythroid2,0.75,44,0,milo_tri
2895,292,57400,3431,0.5423648435030035,0.005061360327255079,0.9949386396727449,0.45763515649699654,0.0784313725490196,0.9215686274509803,0.5423648435030035,0.9502171264331907,0.5406022,Erythroid2,0.75,45,0,milo_red
3716,91,57601,2610,0.4125829908314891,0.0015773417458226444,0.9984226582541773,0.5874170091685109,0.03369122547204739,0.9663087745279526,0.4125829908314891,0.9405323502764847,0.5406022,Erythroid2,0.75,45,0,milo_tri
2518,21,57387,4092,0.6190620272314675,3.6580267558528425e-4,0.9996341973244147,0.38093797276853253,0.005105762217359592,0.9948942377826404,0.6190620272314675,0.9603392795776188,0.5406022,Erythroid2,0.8,43,0,milo_red
2757,8,57400,3853,0.5829046898638427,1.3935340022296544e-4,0.999860646599777,0.41709531013615736,0.002072002072002072,0.9979279979279979,0.5829046898638426,0.9568090224624325,0.5406022,Erythroid2,0.8,43,0,milo_tri
2626,9,57399,3984,0.6027231467473525,1.5677257525083612e-4,0.9998432274247492,0.3972768532526475,0.002253944402704733,0.9977460555972952,0.6027231467473525,0.9588397013339998,0.5406022,Erythroid2,0.8,44,0,milo_red
3250,2,57406,3360,0.5083207261724659,3.483835005574136e-5,0.9999651616499443,0.491679273827534,5.94883997620464e-4,0.9994051160023796,0.508320726172466,0.949201786997407,0.5406022,Erythroid2,0.8,44,0,milo_tri
2868,18,57390,3742,0.5661119515885022,3.1354515050167225e-4,0.9996864548494984,0.43388804841149775,0.0047872340425531915,0.9952127659574468,0.5661119515885022,0.9549189290512043,0.5406022,Erythroid2,0.8,45,0,milo_red
3140,1,57407,3470,0.5249621785173979,1.741917502787068e-5,0.9999825808249722,0.4750378214826021,2.881014116969173e-4,0.9997118985883031,0.5249621785173979,0.9509356743415914,0.5406022,Erythroid2,0.8,45,0,milo_tri
2164,308,56879,4667,0.6832089006002049,0.005385839439033347,0.9946141605609666,0.31679109939979505,0.06190954773869347,0.9380904522613065,0.6832089006002049,0.9613858602268112,0.5406022,Erythroid2,0.85,43,0,milo_red
2611,3,57184,4220,0.6177719221197482,5.245947505551961e-5,0.9999475405249445,0.3822280778802518,7.103954534690978e-4,0.9992896045465309,0.6177719221197482,0.9591677340747915,0.5406022,Erythroid2,0.85,43,0,milo_tri
2290,6,57181,4541,0.6647635778070561,1.0491895011103922e-4,0.999895081049889,0.3352364221929439,0.0013195513525401364,0.9986804486474599,0.6647635778070561,0.9641350870067793,0.5406022,Erythroid2,0.85,44,0,milo_red
2628,9,57178,4203,0.6152832674571805,1.5737842516655884e-4,0.9998426215748334,0.3847167325428195,0.002136752136752137,0.9978632478632479,0.6152832674571804,0.9588084601205911,0.5406022,Erythroid2,0.85,44,0,milo_tri
2545,13,57174,4286,0.6274337578685405,2.2732439190725165e-4,0.9997726756080928,0.3725662421314595,0.003023959060246569,0.9969760409397534,0.6274337578685405,0.9600424880502358,0.5406022,Erythroid2,0.85,45,0,milo_red
2789,16,57171,4042,0.591714243888157,2.7978386696277124e-4,0.9997202161330372,0.4082857561118431,0.003942828979793002,0.996057171020207,0.5917142438881569,0.9561841981942578,0.5406022,Erythroid2,0.85,45,0,milo_tri
2108,15,56988,4907,0.6995010691375624,2.631440450502605e-4,0.9997368559549498,0.3004989308624376,0.0030475416497358796,0.9969524583502641,0.6995010691375624,0.9668374519666344,0.5406022,Erythroid2,0.9,43,0,milo_red
2408,3,57000,4607,0.6567355666429081,5.2628809010052104e-5,0.99994737119099,0.34326443335709195,6.507592190889371e-4,0.999349240780911,0.656735566642908,0.9623387172357775,0.5406022,Erythroid2,0.9,43,0,milo_tri
1936,33,56970,5079,0.7240199572344975,5.789168991105732e-4,0.9994210831008894,0.2759800427655025,0.006455399061032864,0.9935446009389671,0.7240199572344975,0.9692430253991065,0.5406022,Erythroid2,0.9,44,0,milo_red
2246,4,57000,4768,0.6797832905617337,7.017051434987019e-5,0.9999298294856501,0.3202167094382663,8.382229673093043e-4,0.9991617770326907,0.6797832905617337,0.9648536349151801,0.5406022,Erythroid2,0.9,44,0,milo_tri
2149,6,56997,4866,0.6936564504632929,1.0525761802010421e-4,0.99989474238198,0.30634354953670706,0.0012315270935960591,0.9987684729064039,0.6936564504632929,0.9663375925520947,0.5406022,Erythroid2,0.9,45,0,milo_red
2337,11,56992,4678,0.6668567355666429,1.9297229970352436e-4,0.9998070277002965,0.33314326443335707,0.002345915973555129,0.9976540840264448,0.6668567355666429,0.9633228154581523,0.5406022,Erythroid2,0.9,45,0,milo_tri
1829,23,56821,5345,0.7450515751324226,4.046161424248821e-4,0.9995953838575751,0.25494842486757735,0.004284649776453055,0.995715350223547,0.7450515751324227,0.9710706363835171,0.5406022,Erythroid2,0.95,43,0,milo_red
2099,3,56841,5075,0.7074156676888765,5.277601857715854e-5,0.9999472239814229,0.2925843323111235,5.907837731390311e-4,0.999409216226861,0.7074156676888765,0.967165484707426,0.5406022,Erythroid2,0.95,43,0,milo_tri
1896,25,56819,5278,0.7357122943964316,4.3980015480965447e-4,0.9995601998451904,0.26428770560356846,0.004714312653215161,0.9952856873467848,0.7357122943964316,0.969992814520916,0.5406022,Erythroid2,0.95,44,0,milo_red
2110,3,56841,5064,0.7058823529411765,5.277601857715854e-5,0.9999472239814229,0.29411764705882354,5.920663114268798e-4,0.9994079336885732,0.7058823529411764,0.966993658033678,0.5406022,Erythroid2,0.95,44,0,milo_tri
1931,38,56806,5243,0.7308335656537497,6.684962353106748e-4,0.9993315037646894,0.26916643434625037,0.0071956068926339704,0.992804393107366,0.7308335656537497,0.9692430253991065,0.5406022,Erythroid2,0.95,45,0,milo_red
2197,55,56789,4977,0.6937552272093671,9.675603405812399e-4,0.9990324396594188,0.30624477279063284,0.010930047694753578,0.9890699523052464,0.6937552272093672,0.9648223937017714,0.5406022,Erythroid2,0.95,45,0,milo_tri
1167,13,59846,2992,0.7194037028131762,2.1717703269349639e-4,0.9997828229673065,0.2805962971868238,0.004326123128119801,0.9956738768718802,0.7194037028131762,0.98156768408885,0.5406022,ExE_endoderm,0.7,44,0,milo_red
1414,15,59844,2745,0.6600144265448425,2.505888838771112e-4,0.9997494111161229,0.3399855734551575,0.005434782608695652,0.9945652173913043,0.6600144265448424,0.9776781530194633,0.5406022,ExE_endoderm,0.7,44,0,milo_tri
1059,3,59856,3100,0.7453714835296946,5.0117776775422245e-5,0.9999498822232246,0.2546285164703054,9.668063164679343e-4,0.999033193683532,0.7453714835296946,0.983410915679965,0.5406022,ExE_endoderm,0.7,45,0,milo_red
1654,2,59857,2505,0.6023082471748016,3.3411851183614825e-05,0.9999665881488163,0.39769175282519836,7.977662544874351e-4,0.9992022337455125,0.6023082471748016,0.9741322752975725,0.5406022,ExE_endoderm,0.7,45,0,milo_tri
944,249,59556,3269,0.7759316401614051,0.004163531477301229,0.9958364685226988,0.22406835983859483,0.07077885162023877,0.9292211483797612,0.7759316401614051,0.9813646162016932,0.5406022,ExE_endoderm,0.75,43,0,milo_red
1529,0,59805,2684,0.6370757180156658,0,1,0.3629242819843342,0,1,0.6370757180156659,0.9761160923490269,0.5406022,ExE_endoderm,0.75,43,0,milo_tri
646,16,59789,3567,0.8466650842629955,2.6753615918401473e-4,0.9997324638408159,0.1533349157370045,0.004465531677365337,0.9955344683226347,0.8466650842629955,0.9896591583617108,0.5406022,ExE_endoderm,0.75,44,0,milo_red
799,17,59788,3414,0.8103489200094944,2.8425716913301564e-4,0.999715742830867,0.18965107999050557,0.004954823666569514,0.9950451763334305,0.8103489200094944,0.9872535849292386,0.5406022,ExE_endoderm,0.75,44,0,milo_tri
512,10,59795,3701,0.8784713980536435,1.672100994900092e-4,0.9998327899005099,0.12152860194635652,0.0026946914578280788,0.9973053085421719,0.8784713980536435,0.9918460433003218,0.5406022,ExE_endoderm,0.75,45,0,milo_red
872,9,59796,3341,0.7930215998101116,1.5048908954100828e-4,0.999849510910459,0.20697840018988845,0.0026865671641791043,0.9973134328358209,0.7930215998101116,0.986238245493455,0.5406022,ExE_endoderm,0.75,45,0,milo_tri
565,14,59757,3682,0.8669649164115847,2.3422730086496797e-4,0.999765772699135,0.13303508358841534,0.003787878787878788,0.9962121212121212,0.8669649164115847,0.990955668718173,0.5406022,ExE_endoderm,0.8,43,0,milo_red
672,4,59767,3575,0.8417706616435131,6.692208596141941e-5,0.9999330779140386,0.15822933835648692,0.0011176306230790724,0.9988823693769209,0.8417706616435131,0.9894404698678496,0.5406022,ExE_endoderm,0.8,43,0,milo_tri
412,24,59747,3835,0.9029903461266776,4.015325157685165e-4,0.9995984674842315,0.09700965387332235,0.006219227779217414,0.9937807722207825,0.9029903461266776,0.9931894154768971,0.5406022,ExE_endoderm,0.8,44,0,milo_red
545,3,59768,3702,0.8716741229102896,5.0191564471064564e-5,0.9999498084355289,0.12832587708971038,8.097165991902834e-4,0.9991902834008097,0.8716741229102896,0.9914399075260083,0.5406022,ExE_endoderm,0.8,44,0,milo_tri
402,26,59745,3845,0.9053449493760302,4.349935587492262e-4,0.9995650064412508,0.09465505062396987,0.006716610694910876,0.9932833893050891,0.9053449493760302,0.993314380330532,0.5406022,ExE_endoderm,0.8,45,0,milo_red
480,3,59768,3767,0.8869790440310807,5.0191564471064564e-5,0.9999498084355289,0.11302095596891924,7.957559681697613e-4,0.9992042440318303,0.8869790440310807,0.992455246961792,0.5406022,ExE_endoderm,0.8,45,0,milo_tri
463,40,59708,3807,0.8915690866510538,6.69478476266988e-4,0.999330521523733,0.10843091334894614,0.010397712503249286,0.9896022874967507,0.8915690866510538,0.9921428348277047,0.5406022,ExE_endoderm,0.85,43,0,milo_red
502,33,59715,3768,0.8824355971896956,5.523197429202651e-4,0.9994476802570798,0.11756440281030445,0.008681925808997633,0.9913180741910024,0.8824355971896956,0.991642975413165,0.5406022,ExE_endoderm,0.85,43,0,milo_tri
293,11,59737,3977,0.9313817330210773,1.841065809734217e-4,0.9998158934190265,0.06861826697892272,0.0027582748244734203,0.9972417251755266,0.9313817330210773,0.9952513355618732,0.5406022,ExE_endoderm,0.85,44,0,milo_red
290,8,59740,3980,0.9320843091334895,1.338956952533976e-4,0.9998661043047467,0.06791569086651054,0.0020060180541624875,0.9979939819458375,0.9320843091334895,0.9953450592020994,0.5406022,ExE_endoderm,0.85,44,0,milo_tri
156,48,59700,4114,0.9634660421545668,8.033741715203856e-4,0.9991966258284796,0.03653395784543326,0.011532916866890917,0.988467083133109,0.9634660421545668,0.9968133962323097,0.5406022,ExE_endoderm,0.85,45,0,milo_red
267,8,59740,4003,0.9374707259953161,1.338956952533976e-4,0.9998661043047467,0.06252927400468385,0.0019945150835203192,0.9980054849164797,0.9374707259953161,0.9957043331562998,0.5406022,ExE_endoderm,0.85,45,0,milo_tri
346,14,59710,3948,0.9194224499301351,2.3441162681669012e-4,0.9997655883731833,0.08057755006986493,0.0035335689045936395,0.9964664310954063,0.9194224499301351,0.9943765815864288,0.5406022,ExE_endoderm,0.9,43,0,milo_red
378,1,59723,3916,0.911970190964136,1.674368762976358e-5,0.9999832563123703,0.08802980903586399,2.552974214960429e-4,0.999744702578504,0.911970190964136,0.9940797900590459,0.5406022,ExE_endoderm,0.9,43,0,milo_tri
220,18,59706,4074,0.9487657196087564,3.013863773357444e-4,0.9996986136226642,0.05123428039124359,0.004398826979472141,0.9956011730205279,0.9487657196087564,0.9962822956043613,0.5406022,ExE_endoderm,0.9,44,0,milo_red
335,3,59721,3959,0.9219841639496973,5.023106288929074e-5,0.9999497689371107,0.07801583605030275,7.57193336698637e-4,0.9992428066633013,0.9219841639496973,0.9947202349339248,0.5406022,ExE_endoderm,0.9,44,0,milo_tri
225,1,59723,4069,0.9476013041453191,1.674368762976358e-5,0.9999832563123703,0.05239869585468095,2.457002457002457e-4,0.9997542997542997,0.9476013041453191,0.9964697428848136,0.5406022,ExE_endoderm,0.9,45,0,milo_red
294,10,59714,4000,0.9315323707498836,1.674368762976358e-4,0.9998325631237024,0.06846762925011644,0.0024937655860349127,0.9975062344139651,0.9315323707498836,0.9952513355618732,0.5406022,ExE_endoderm,0.9,45,0,milo_tri
357,9,59713,3939,0.9168994413407822,1.5069823515622384e-4,0.9998493017648438,0.08310055865921788,0.0022796352583586625,0.9977203647416414,0.9168994413407822,0.9942828579462026,0.5406022,ExE_endoderm,0.95,43,0,milo_red
310,3,59719,3986,0.9278398510242085,5.023274505207461e-5,0.9999497672549479,0.07216014897579143,7.520681875156681e-4,0.9992479318124843,0.9278398510242085,0.9951107501015339,0.5406022,ExE_endoderm,0.95,43,0,milo_tri
209,25,59697,4087,0.9513500931098696,4.186062087672884e-4,0.9995813937912327,0.04864990689013035,0.006079766536964981,0.993920233463035,0.9513500931098696,0.9963447780311787,0.5406022,ExE_endoderm,0.95,44,0,milo_red
215,86,59636,4081,0.9499534450651769,0.0014400053581594722,0.9985599946418405,0.050046554934823094,0.020638348932085434,0.9793616510679146,0.9499534450651769,0.9952981973819863,0.5406022,ExE_endoderm,0.95,44,0,milo_tri
190,6,59716,4106,0.9557728119180633,1.0046549010414922e-4,0.9998995345098959,0.04422718808193669,0.0014591439688715954,0.9985408560311284,0.9557728119180633,0.9969383610859446,0.5406022,ExE_endoderm,0.95,45,0,milo_red
213,1,59721,4083,0.9504189944134078,1.6744248350691538e-5,0.9999832557516493,0.04958100558659218,2.448579823702253e-4,0.9997551420176298,0.9504189944134078,0.996657190165266,0.5406022,ExE_endoderm,0.95,45,0,milo_tri
6040,2,56800,1176,0.1629711751662971,3.521002781592197e-5,0.9999647899721841,0.8370288248337029,0.001697792869269949,0.99830220713073,0.1629711751662971,0.9056202942922303,0.5406022,Gut,0.7,43,0,milo_red
6178,1,56801,1038,0.1438470066518847,1.7605013907960987e-5,0.9999823949860921,0.8561529933481153,9.624639076034649e-4,0.9990375360923965,0.14384700665188466,0.9034802711737324,0.5406022,Gut,0.7,43,0,milo_tri
6430,2,56800,786,0.10892461197339245,3.521002781592197e-5,0.9999647899721841,0.8910753880266076,0.0025380710659898475,0.9974619289340102,0.10892461197339243,0.8995282576775282,0.5406022,Gut,0.7,44,0,milo_red
6682,0,56802,534,0.07400221729490022,0,1,0.9259977827050998,0,1,0.0740022172949002,0.8956231060014371,0.5406022,Gut,0.7,44,0,milo_tri
6266,0,56802,950,0.1316518847006652,0,1,0.8683481152993349,0,1,0.13165188470066513,0.9021212783904526,0.5406022,Gut,0.7,45,0,milo_red
6279,0,56802,937,0.12985033259423504,0,1,0.8701496674057649,0,1,0.12985033259423506,0.9019182105032959,0.5406022,Gut,0.7,45,0,milo_tri
11781,1,50917,1319,0.10068702290076335,1.9639420244314387e-5,0.9999803605797557,0.8993129770992366,7.575757575757576e-4,0.9992424242424243,0.10068702290076337,0.8159580118091787,0.5406022,Gut,0.75,43,0,milo_red
11645,1,50917,1455,0.11106870229007633,1.9639420244314387e-5,0.9999803605797557,0.8889312977099236,6.868131868131869e-4,0.9993131868131868,0.11106870229007637,0.8180824143209722,0.5406022,Gut,0.75,43,0,milo_tri
11933,3,50915,1167,0.08908396946564885,5.8918260732943164e-5,0.9999410817392671,0.9109160305343511,0.002564102564102564,0.9974358974358974,0.0890839694656489,0.8135524383767065,0.5406022,Gut,0.75,44,0,milo_red
11931,0,50918,1169,0.08923664122137405,0,1,0.9107633587786259,0,1,0.08923664122137409,0.8136305414102284,0.5406022,Gut,0.75,44,0,milo_tri
11667,1,50917,1433,0.10938931297709924,1.9639420244314387e-5,0.9999803605797557,0.8906106870229008,6.97350069735007e-4,0.999302649930265,0.1093893129770992,0.8177387609734762,0.5406022,Gut,0.75,45,0,milo_red
11758,1,50917,1342,0.10244274809160306,1.9639420244314387e-5,0.9999803605797557,0.897557251908397,7.446016381236039e-4,0.9992553983618764,0.10244274809160303,0.816317285763379,0.5406022,Gut,0.75,45,0,milo_tri
18279,5,44213,1521,0.07681818181818181,1.1307612284589986e-4,0.999886923877154,0.9231818181818182,0.00327653997378768,0.9967234600262124,0.07681818181818179,0.7143928270174014,0.5406022,Gut,0.8,43,0,milo_red
18215,1,44217,1585,0.08005050505050505,2.2615224569179973e-5,0.9999773847754309,0.919949494949495,6.305170239596469e-4,0.9993694829760403,0.08005050505050504,0.7154550282732981,0.5406022,Gut,0.8,43,0,milo_tri
18319,2,44216,1481,0.0747979797979798,4.5230449138359946e-5,0.9999547695508616,0.9252020202020202,0.0013486176668914363,0.9986513823331086,0.07479797979797975,0.7138148645693398,0.5406022,Gut,0.8,44,0,milo_red
17982,49,44169,1818,0.09181818181818181,0.0011081460038898185,0.9988918539961101,0.9081818181818182,0.026245313336904125,0.9737546866630958,0.0918181818181818,0.7183448405136056,0.5406022,Gut,0.8,44,0,milo_tri
17528,139,44079,2272,0.11474747474747475,0.003143516215116016,0.996856483784884,0.8852525252525253,0.05765242637909581,0.9423475736209042,0.11474747474747471,0.7240307413539941,0.5406022,Gut,0.8,45,0,milo_red
17788,10,44210,2010,0.10152540660672796,2.261420171867933e-4,0.9997738579828132,0.8984745933932721,0.0049504950495049506,0.995049504950495,0.10152540660672793,0.7219844418757224,0.5406022,Gut,0.8,45,0,milo_tri
25101,2,37248,1667,0.062275851763299465,5.3691275167785237e-5,0.9999463087248323,0.9377241482367006,0.0011983223487118035,0.9988016776512882,0.06227585176329942,0.6078759099003406,0.5406022,Gut,0.85,43,0,milo_red
25117,1,37249,1651,0.06167812313209803,2.6845637583892618e-5,0.9999731543624161,0.938321876867902,6.053268765133172e-4,0.9993946731234867,0.06167812313209797,0.607641600799775,0.5406022,Gut,0.85,43,0,milo_tri
24991,0,37250,1777,0.06638523610280933,0,1,0.9336147638971907,0,1,0.06638523610280933,0.6096254178512294,0.5406022,Gut,0.85,44,0,milo_red
24915,18,37232,1853,0.06922444710101613,4.832214765100671e-4,0.99951677852349,0.9307755528989838,0.009620523784072688,0.9903794762159273,0.06922444710101616,0.6105314130400825,0.5406022,Gut,0.85,44,0,milo_tri
24748,5,37247,2018,0.07539415676604648,1.3422098142381618e-4,0.9998657790185762,0.9246058432339536,0.002471576866040534,0.9975284231339595,0.07539415676604644,0.613343122246868,0.5406022,Gut,0.85,45,0,milo_red
24525,2,37250,2241,0.08372562205783457,5.3688392569526465e-5,0.9999463116074305,0.9162743779421655,8.916629514043691e-4,0.9991083370485956,0.08372562205783451,0.6168733793620544,0.5406022,Gut,0.85,45,0,milo_tri
30369,261,31532,1856,0.057595034910783556,0.00820935426037178,0.9917906457396283,0.9424049650892165,0.1232876712328767,0.8767123287671232,0.05759503491078355,0.5215408166453185,0.5406022,Gut,0.9,43,0,milo_red
30598,4,31631,1785,0.0551215143748263,1.264422317053896e-4,0.9998735577682946,0.9448784856251737,0.0022358859698155395,0.9977641140301845,0.055121514374826264,0.5219781936330407,0.5406022,Gut,0.9,43,0,milo_tri
30227,42,31593,2156,0.06657814285273136,0.0013276434329065909,0.9986723565670934,0.9334218571472687,0.01910828025477707,0.9808917197452229,0.06657814285273134,0.527179855665594,0.5406022,Gut,0.9,44,0,milo_red
30158,53,31583,2224,0.06868013093694028,0.0016753066127196865,0.9983246933872804,0.9313198690630597,0.023276240667545016,0.976723759332455,0.06868013093694025,0.5280858508544471,0.5406022,Gut,0.9,44,0,milo_tri
30098,9,31626,2285,0.07056171447981965,2.844950213371266e-4,0.9997155049786629,0.9294382855201804,0.003923278116826504,0.9960767218831735,0.07056171447981963,0.529710393951701,0.5406022,Gut,0.9,45,0,milo_red
29984,44,31595,2395,0.07396769511102876,0.001390688706975568,0.9986093112930244,0.9260323048889713,0.018040180401804017,0.981959819598196,0.07396769511102874,0.5309444218813458,0.5406022,Gut,0.9,45,0,milo_tri
34908,6,26869,2235,0.06017284548905581,2.2325581395348838e-4,0.9997767441860466,0.9398271545109442,0.002677376171352075,0.9973226238286479,0.06017284548905577,0.4546221375238214,0.5406022,Gut,0.95,43,0,milo_red
34673,4,26867,2474,0.06660026381672814,1.488593651148078e-4,0.9998511406348852,0.9333997361832719,0.0016142050040355124,0.9983857949959645,0.06660026381672812,0.4583242213127558,0.5406022,Gut,0.95,43,0,milo_tri
34072,174,26698,3074,0.08275453615463307,0.006475141411134266,0.9935248585888657,0.917245463845367,0.05357142857142857,0.9464285714285714,0.08275453615463302,0.46505670280233685,0.5406022,Gut,0.95,44,0,milo_red
33606,114,26760,3538,0.09525091535645057,0.004242018307657959,0.9957579816923421,0.9047490846435494,0.0312157721796276,0.9687842278203724,0.09525091535645058,0.4732731419288325,0.5406022,Gut,0.95,44,0,milo_tri
34340,12,26859,2807,0.07556464855843002,4.465780953444234e-4,0.9995534219046556,0.92443535144157,0.004256828662646328,0.9957431713373537,0.07556464855843004,0.4634009184916742,0.5406022,Gut,0.95,45,0,milo_red
34096,113,26764,3045,0.08198486847419294,0.004204338281802285,0.9957956617181977,0.918015131525807,0.03578214059531349,0.9642178594046865,0.08198486847419295,0.4656346652503983,0.5406022,Gut,0.95,45,0,milo_tri
4107,1,58599,1311,0.24197120708748615,1.7064846416382253e-5,0.9999829351535836,0.7580287929125138,7.621951219512195e-4,0.9992378048780488,0.2419712070874862,0.9358305476584711,0.5406022,Mesenchyme,0.7,43,0,milo_red
4248,0,58600,1170,0.2159468438538206,0,1,0.7840531561461794,0,1,0.21594684385382057,0.93364366271986,0.5406022,Mesenchyme,0.7,43,0,milo_tri
3347,1,58599,2071,0.38224437061646366,1.7064846416382253e-5,0.9999829351535836,0.6177556293835363,4.8262548262548264e-4,0.9995173745173745,0.38224437061646366,0.947702208753788,0.5406022,Mesenchyme,0.7,44,0,milo_red
3456,2,58598,1962,0.36212624584717606,3.4129692832764505e-5,0.9999658703071672,0.6378737541528239,0.0010183299389002036,0.9989816700610998,0.3621262458471761,0.9459839420163079,0.5406022,Mesenchyme,0.7,44,0,milo_tri
4425,1,58599,993,0.18327796234772978,1.7064846416382253e-5,0.9999829351535836,0.8167220376522702,0.001006036217303823,0.9989939637826962,0.18327796234772975,0.9308631947264832,0.5406022,Mesenchyme,0.7,45,0,milo_red
4449,1,58599,969,0.1788482834994463,1.7064846416382253e-5,0.9999829351535836,0.8211517165005537,0.0010309278350515464,0.9989690721649485,0.17884828349944626,0.9304883001655785,0.5406022,Mesenchyme,0.7,45,0,milo_tri
4171,2,57764,2081,0.3328534868841971,3.462244226707752e-5,0.999965377557733,0.667146513115803,9.601536245799327e-4,0.9990398463754201,0.332853486884197,0.9348152082226874,0.5406022,Mesenchyme,0.75,43,0,milo_red
4255,1,57765,1997,0.3194177863083813,1.731122113353876e-5,0.9999826887788664,0.6805822136916186,5.005005005005005e-4,0.9994994994994995,0.31941778630838136,0.9335186978662251,0.5406022,Mesenchyme,0.75,43,0,milo_tri
3653,2,57764,2599,0.4157069737683941,3.462244226707752e-5,0.999965377557733,0.5842930262316058,7.689350249903883e-4,0.9992310649750096,0.41570697376839416,0.9429066824955481,0.5406022,Mesenchyme,0.75,44,0,milo_red
3710,4,57762,2542,0.4065898912348049,6.924488453415504e-5,0.9999307551154658,0.5934101087651952,0.0015710919088766694,0.9984289080911233,0.4065898912348048,0.9419850666999906,0.5406022,Mesenchyme,0.75,44,0,milo_tri
4120,9,57757,2132,0.34101087651951373,1.5580099020184884e-4,0.9998441990097982,0.6589891234804862,0.004203643157403083,0.9957963568425969,0.3410108765195138,0.9355025149176794,0.5406022,Mesenchyme,0.75,45,0,milo_red
4286,0,57766,1966,0.3144593730006398,0,1,0.6855406269993602,0,1,0.31445937300063975,0.9330500796650942,0.5406022,Mesenchyme,0.75,45,0,milo_tri
4558,1,56831,2628,0.3657111049262455,1.759572072072072e-5,0.9999824042792793,0.6342888950737545,3.803727653100038e-4,0.99961962723469,0.3657111049262455,0.9287856540348027,0.5406022,Mesenchyme,0.8,43,0,milo_red
4790,0,56832,2396,0.33342610631784025,0,1,0.6665738936821598,0,1,0.3334261063178402,0.9251772938860945,0.5406022,Mesenchyme,0.8,43,0,milo_tri
4236,0,56832,2950,0.41052045644308377,0,1,0.5894795435569162,0,1,0.41052045644308377,0.9338311100003124,0.5406022,Mesenchyme,0.8,44,0,milo_red
4306,6,56826,2880,0.40077929306985804,1.0557432432432433e-4,0.9998944256756757,0.599220706930142,0.002079002079002079,0.997920997920998,0.40077929306985804,0.9326439438907808,0.5406022,Mesenchyme,0.8,44,0,milo_tri
4277,227,56605,2909,0.40481491789590873,0.003994228603603604,0.9960057713963963,0.5951850821040913,0.07238520408163265,0.9276147959183674,0.40481491789590873,0.9296447874035427,0.5406022,Mesenchyme,0.8,45,0,milo_red
4729,9,56823,2457,0.34191483440022263,1.583614864864865e-4,0.9998416385135135,0.6580851655997774,0.0036496350364963502,0.9963503649635036,0.34191483440022263,0.9259895654347214,0.5406022,Mesenchyme,0.8,45,0,milo_tri
5827,1,55313,2877,0.33053768382352944,1.8078605777922408e-5,0.999981921394222,0.6694623161764706,3.4746351633078526e-4,0.9996525364836693,0.33053768382352944,0.9089631041269642,0.5406022,Mesenchyme,0.85,43,0,milo_red
5807,9,55305,2897,0.33283547794117646,1.6270745200130165e-4,0.9998372925479987,0.6671645220588235,0.0030970406056434964,0.9969029593943565,0.3328354779411765,0.9091505514074166,0.5406022,Mesenchyme,0.85,43,0,milo_tri
5714,1,55313,2990,0.3435202205882353,1.8078605777922408e-5,0.999981921394222,0.6564797794117647,3.3433634236041456e-4,0.9996656636576395,0.3435202205882353,0.9107282326845575,0.5406022,Mesenchyme,0.85,44,0,milo_red
5693,11,55303,3011,0.3459329044117647,1.9886466355714647e-4,0.9998011353364429,0.6540670955882353,0.003639973527465255,0.9963600264725347,0.3459329044117647,0.9109000593583054,0.5406022,Mesenchyme,0.85,44,0,milo_tri
5646,26,55288,3058,0.3513327205882353,4.700437502259826e-4,0.999529956249774,0.6486672794117647,0.008430609597924773,0.9915693904020753,0.3513327205882353,0.9113999187728451,0.5406022,Mesenchyme,0.85,45,0,milo_red
5455,106,55208,3249,0.3732766544117647,0.001916332212459775,0.9980836677875402,0.6267233455882353,0.031594634873323396,0.9684053651266766,0.3732766544117647,0.9131338061170295,0.5406022,Mesenchyme,0.85,45,0,milo_tri
7314,5,53561,3138,0.3002296211251435,9.334279206959638e-5,0.9999066572079304,0.6997703788748565,0.001590836780146357,0.9984091632198536,0.3002296211251435,0.885672779530757,0.5406022,Mesenchyme,0.9,43,0,milo_red
7248,52,53514,3204,0.3065442020665901,9.707650375238024e-4,0.9990292349624762,0.6934557979334098,0.01597051597051597,0.984029484029484,0.30654420206659017,0.8859695710581399,0.5406022,Mesenchyme,0.9,43,0,milo_tri
7372,2,53564,3080,0.29468044393417525,3.733711682783855e-5,0.9999626628831721,0.7053195560658247,6.489292667099286e-4,0.9993510707332901,0.29468044393417525,0.884813646162017,0.5406022,Mesenchyme,0.9,44,0,milo_red
7356,7,53559,3096,0.29621125143513205,1.3067990889743494e-4,0.9998693200911025,0.703788748564868,0.0022558814050918467,0.9977441185949082,0.29621125143513205,0.8849854728357649,0.5406022,Mesenchyme,0.9,44,0,milo_tri
7099,27,53539,3353,0.3207998469192499,5.040510771758205e-4,0.9994959489228242,0.6792001530807501,0.007988165680473372,0.9920118343195267,0.3207998469192499,0.8886875566246993,0.5406022,Mesenchyme,0.9,45,0,milo_red
6978,22,53544,3474,0.33237657864523534,4.107082851062241e-4,0.9995892917148937,0.6676234213547646,0.006292906178489702,0.9937070938215103,0.3323765786452354,0.8906557530694492,0.5406022,Mesenchyme,0.9,45,0,milo_tri
8847,12,51814,3345,0.27436023622047245,2.3154401265773936e-4,0.9997684559873422,0.7256397637795275,0.0035746201966041107,0.9964253798033958,0.27436023622047245,0.8616170452060358,0.5406022,Mesenchyme,0.95,43,0,milo_red
8825,20,51806,3367,0.27616469816272965,3.859066877628989e-4,0.999614093312237,0.7238353018372703,0.00590493061706525,0.9940950693829348,0.2761646981627297,0.8618357336998969,0.5406022,Mesenchyme,0.95,43,0,milo_tri
8653,7,51819,3539,0.2902723097112861,1.3506734071701463e-4,0.999864932659283,0.709727690288714,0.0019740552735476595,0.9980259447264523,0.29027230971128604,0.8647255459402043,0.5406022,Mesenchyme,0.95,44,0,milo_red
8623,5,51821,3569,0.29273293963254593,9.647667194072473e-5,0.9999035233280593,0.707267060367454,0.0013989927252378287,0.9986010072747622,0.292732939632546,0.865225405354744,0.5406022,Mesenchyme,0.95,44,0,milo_tri
15671,4,48100,243,0.015269573960035188,8.315316813570597e-5,0.9999168468318643,0.9847304260399649,0.016194331983805668,0.9838056680161943,0.015269573960035143,0.755146989909088,0.5406022,Pharyngeal_mesoderm,0.7,43,0,milo_red
15690,1,48103,224,0.014075656654518034,2.0788292033926492e-5,0.9999792117079661,0.985924343345482,0.0044444444444444444,0.9955555555555555,0.014075656654518043,0.7548970602018182,0.5406022,Pharyngeal_mesoderm,0.7,43,0,milo_tri
15257,12,48092,657,0.04128440366972477,2.494595044071179e-4,0.9997505404955929,0.9587155963302753,0.017937219730941704,0.9820627802690582,0.041284403669724745,0.76148895623106,0.5406022,Pharyngeal_mesoderm,0.7,44,0,milo_red
15396,1,48103,518,0.03254995601357295,2.0788292033926492e-5,0.9999792117079661,0.9674500439864271,0.0019267822736030828,0.9980732177263969,0.03254995601357291,0.7594895185729014,0.5406022,Pharyngeal_mesoderm,0.7,44,0,milo_tri
14312,11,48093,1602,0.10066608018097273,0.00022867121237319141,0.9997713287876268,0.8993339198190272,0.006819590824550527,0.9931804091754495,0.10066608018097278,0.7762660501733888,0.5406022,Pharyngeal_mesoderm,0.7,45,0,milo_red
15157,2,48103,756,0.04750832652548231,4.1575719779648686e-5,0.9999584242802203,0.9524916734745177,0.002638522427440633,0.9973614775725593,0.047508326525482314,0.76320722296854,0.5406022,Pharyngeal_mesoderm,0.7,45,0,milo_tri
22360,2,40299,1357,0.057216342707762366,4.962656013498424e-5,0.999950373439865,0.9427836572922377,0.0014716703458425313,0.9985283296541575,0.057216342707762324,0.6506919928770033,0.5406022,Pharyngeal_mesoderm,0.75,43,0,milo_red
22494,8,40293,1223,0.051566386979803515,1.9850624053993697e-4,0.99980149375946,0.9484336130201965,0.006498781478472786,0.9935012185215272,0.051566386979803536,0.6485051079383923,0.5406022,Pharyngeal_mesoderm,0.75,43,0,milo_tri
21498,111,40191,2218,0.09352335975712599,0.0027542057466130713,0.9972457942533869,0.906476640242874,0.0476599398883641,0.9523400601116359,0.093523359757126,0.6624543097253898,0.5406022,Pharyngeal_mesoderm,0.75,44,0,milo_red
21618,9,40292,2099,0.08850191845511658,2.233195206074291e-4,0.9997766804793926,0.9114980815448834,0.004269449715370019,0.99573055028463,0.08850191845511657,0.6621731388047112,0.5406022,Pharyngeal_mesoderm,0.75,44,0,milo_tri
21122,12,40289,2595,0.10941518741830754,2.977593608099055e-4,0.9997022406391901,0.8905848125816924,0.004602991944764097,0.9953970080552359,0.10941518741830758,0.6698740979099628,0.5406022,Pharyngeal_mesoderm,0.75,45,0,milo_red
21544,23,40278,2173,0.09162204326010878,5.707054415523188e-4,0.9994292945584476,0.9083779567398912,0.010473588342440802,0.9895264116575592,0.09162204326010881,0.663110375206973,0.5406022,Pharyngeal_mesoderm,0.75,45,0,milo_tri
29928,39,31098,2953,0.08980870411483835,0.0012525291453897292,0.9987474708546102,0.9101912958851617,0.01303475935828877,0.9869652406417112,0.08980870411483832,0.5318972788903121,0.5406022,Pharyngeal_mesoderm,0.8,43,0,milo_red
30240,4,31132,2642,0.08034791071102731,1.2846865364850977e-4,0.9998715313463515,0.9196520892889727,0.0015117157974300832,0.99848828420257,0.08034791071102731,0.5275703708332031,0.5406022,Pharyngeal_mesoderm,0.8,43,0,milo_tri
29290,100,31036,3592,0.10923909737850496,0.003211716341212744,0.9967882836587872,0.890760902621495,0.027085590465872156,0.9729144095341279,0.10923909737850501,0.5409103689587303,0.5406022,Pharyngeal_mesoderm,0.8,44,0,milo_red
29695,90,31047,3186,0.09689486329491195,0.0028904518739762985,0.9971095481260237,0.9031051367050881,0.027472527472527472,0.9725274725274725,0.09689486329491193,0.5347402293105065,0.5406022,Pharyngeal_mesoderm,0.8,44,0,milo_tri
28847,215,30923,4033,0.12265815085158151,0.006904746611856895,0.9930952533881431,0.8773418491484185,0.0506120527306968,0.9493879472693032,0.1226581508515815,0.5460339279577618,0.5406022,Pharyngeal_mesoderm,0.8,45,0,milo_red
29029,223,30915,3851,0.1171228710462287,0.007161667416019012,0.992838332583981,0.8828771289537712,0.0547373588610702,0.9452626411389298,0.11712287104622876,0.5430660126839326,0.5406022,Pharyngeal_mesoderm,0.8,45,0,milo_tri
35269,51,24522,4176,0.10586893142350108,0.0020754486631668905,0.9979245513368331,0.8941310685764989,0.0120652945351313,0.9879347054648687,0.10586893142350107,0.4482801712018495,0.5406022,Pharyngeal_mesoderm,0.85,43,0,milo_red
35859,18,24555,3586,0.09091139561414628,7.32511292882432e-4,0.9992674887071176,0.9090886043858537,0.004994450610432853,0.9950055493895672,0.0909113956141463,0.4395794932675185,0.5406022,Pharyngeal_mesoderm,0.85,43,0,milo_tri
34631,126,24449,4812,0.12199883376010953,0.005127161749745677,0.9948728382502543,0.8780011662398904,0.02551640340218712,0.9744835965978129,0.12199883376010956,0.4570745727764066,0.5406022,Pharyngeal_mesoderm,0.85,44,0,milo_red
34711,82,24488,4737,0.1200821334414926,0.0033374033374033375,0.9966625966625967,0.8799178665585075,0.017015978418759077,0.9829840215812409,0.12008213344149254,0.4565122309350495,0.5406022,Pharyngeal_mesoderm,0.85,44,0,milo_tri
33833,472,24102,5611,0.14225230706824865,0.019207292260112314,0.9807927077398877,0.8577476929317513,0.0775932927831662,0.9224067072168338,0.14225230706824865,0.46413508700677936,0.5406022,Pharyngeal_mesoderm,0.85,45,0,milo_red
34876,137,24434,4571,0.11587699951834106,0.005575678645557771,0.9944243213544423,0.8841230004816589,0.029099405267629566,0.9709005947323704,0.11587699951834107,0.45307569746008935,0.5406022,Pharyngeal_mesoderm,0.85,45,0,milo_tri
38086,156,20615,5161,0.11933775753231438,0.007510471330220018,0.99248952866978,0.8806622424676857,0.029339853300733496,0.9706601466992665,0.11933775753231435,0.4026367584116967,0.5406022,Pharyngeal_mesoderm,0.9,43,0,milo_red
38610,150,20625,4633,0.10713872765534306,0.007220216606498195,0.9927797833935018,0.892861272344657,0.03136107045787163,0.9686389295421284,0.10713872765534305,0.39454528413883594,0.5406022,Pharyngeal_mesoderm,0.9,43,0,milo_tri
37547,236,20537,5698,0.1317608972135507,0.011360901169787704,0.9886390988302123,0.8682391027864493,0.03977081226828446,0.9602291877317155,0.13176089721355067,0.40980661688899994,0.5406022,Pharyngeal_mesoderm,0.9,44,0,milo_red
37990,129,20639,5260,0.12161849710982658,0.006211479198767334,0.9937885208012327,0.8783815028901734,0.023937650770087214,0.9760623492299128,0.12161849710982664,0.40455809303633355,0.5406022,Pharyngeal_mesoderm,0.9,44,0,milo_tri
37348,725,20065,5880,0.13602294808920146,0.034872534872534874,0.9651274651274652,0.8639770519107985,0.10976532929598788,0.8902346707040121,0.13602294808920146,0.4052766409447343,0.5406022,Pharyngeal_mesoderm,0.9,45,0,milo_red
37568,736,20038,5676,0.13125520303394692,0.03542890151150477,0.9645710984884952,0.8687447969660531,0.11478477854023705,0.885215221459763,0.1312552030339469,0.4016682807960261,0.5406022,Pharyngeal_mesoderm,0.9,45,0,milo_tri
39957,1219,16907,5935,0.1293253726139632,0.06725146198830409,0.9327485380116959,0.8706746273860367,0.17039418507128878,0.8296058149287112,0.12932537261396326,0.35680589834109155,0.5406022,Pharyngeal_mesoderm,0.95,43,0,milo_red
40596,202,17683,5537,0.12002254351548783,0.011294380766005032,0.9887056192339949,0.8799774564845122,0.03519776964627984,0.9648022303537201,0.1200225435154878,0.3627104876753413,0.5406022,Pharyngeal_mesoderm,0.95,43,0,milo_tri
38668,489,17387,7474,0.1619782410818777,0.02735511300067129,0.9726448869993287,0.8380217589181224,0.061409016702247896,0.9385909832977521,0.16197824108187764,0.3883439032772033,0.5406022,Pharyngeal_mesoderm,0.95,44,0,milo_red
39815,312,17562,6329,0.13715759361997226,0.01745552198724404,0.9825444780127559,0.8628424063800277,0.046980876374040054,0.95301912362596,0.13715759361997226,0.37319191477396985,0.5406022,Pharyngeal_mesoderm,0.95,44,0,milo_tri
38925,1738,16217,7138,0.15496168291253284,0.09679754942912838,0.9032024505708717,0.8450383170874671,0.19580892293826047,0.8041910770617395,0.15496168291253287,0.3648192695804305,0.5406022,Pharyngeal_mesoderm,0.95,45,0,milo_red
39432,829,17068,6689,0.14503154745126948,0.04632061239313851,0.9536793876068614,0.8549684525487306,0.11026868848097898,0.889731311519021,0.14503154745126945,0.371098753475585,0.5406022,Pharyngeal_mesoderm,0.95,45,0,milo_tri
7227,10,55474,1307,0.1531520974923834,1.802321389950256e-4,0.999819767861005,0.8468479025076165,0.007593014426727411,0.9924069855732726,0.15315209749238345,0.8869536692805149,0.5406022,Somitic_mesoderm,0.7,43,0,milo_red
7115,1,55483,1419,0.1662760721818608,1.802321389950256e-5,0.9999819767861005,0.8337239278181392,7.042253521126761e-4,0.9992957746478873,0.1662760721818608,0.8888437626917429,0.5406022,Somitic_mesoderm,0.7,43,0,milo_tri
8041,2,55482,493,0.05776892430278884,3.604642779900512e-5,0.999963953572201,0.9422310756972112,0.00404040404040404,0.9959595959595959,0.05776892430278879,0.8743634602767971,0.5406022,Somitic_mesoderm,0.7,44,0,milo_red
8322,0,55484,212,0.02484180923365362,0,1,0.9751581907663464,0,1,0.024841809233653644,0.8700053110062795,0.5406022,Somitic_mesoderm,0.7,44,0,milo_tri
8356,0,55484,178,0.0208577454886337,0,1,0.9791422545113663,0,1,0.020857745488633728,0.8694742103783311,0.5406022,Somitic_mesoderm,0.7,45,0,milo_red
8276,0,55484,258,0.03023201312397469,0,1,0.9697679868760253,0,1,0.03023201312397472,0.8707238589146803,0.5406022,Somitic_mesoderm,0.7,45,0,milo_tri
9108,9,52369,2532,0.2175257731958763,1.7182786666157548e-4,0.9998281721333384,0.7824742268041237,0.0035419126328217238,0.9964580873671782,0.2175257731958763,0.8575869286763098,0.5406022,Somitic_mesoderm,0.75,43,0,milo_red
8947,5,52373,2693,0.2313573883161512,9.545992592309748e-5,0.9999045400740769,0.7686426116838488,0.0018532246108228317,0.9981467753891772,0.23135738831615116,0.8601643287825299,0.5406022,Somitic_mesoderm,0.75,43,0,milo_tri
10035,1,52377,1605,0.13788659793814434,1.9091985184619496e-5,0.9999809080148154,0.8621134020618557,6.226650062266501e-4,0.9993773349937733,0.13788659793814428,0.8432315911149989,0.5406022,Somitic_mesoderm,0.75,44,0,milo_red
9620,12,52366,2020,0.17353951890034364,2.2910382221543395e-4,0.9997708961777846,0.8264604810996563,0.005905511811023622,0.9940944881889764,0.1735395189003437,0.8495423162235621,0.5406022,Somitic_mesoderm,0.75,44,0,milo_tri
10212,2,52376,1428,0.12268041237113401,3.818397036923899e-5,0.9999618160296307,0.877319587628866,0.0013986013986013986,0.9986013986013986,0.12268041237113403,0.8404511231216221,0.5406022,Somitic_mesoderm,0.75,45,0,milo_red
10217,1,52377,1423,0.1222508591065292,1.9091985184619496e-5,0.9999809080148154,0.8777491408934708,7.022471910112359e-4,0.9992977528089888,0.12225085910652922,0.8403886406948046,0.5406022,Somitic_mesoderm,0.75,45,0,milo_tri
12118,8,48460,3432,0.22070739549839227,1.6505735743170752e-4,0.9998349426425683,0.7792926045016078,0.002325581395348837,0.9976744186046511,0.22070739549839224,0.8105845231028773,0.5406022,Somitic_mesoderm,0.8,43,0,milo_red
12212,2,48466,3338,0.21466237942122188,4.126433935792688e-5,0.9999587356606421,0.7853376205787781,5.988023952095808e-4,0.9994011976047904,0.2146623794212219,0.8092099097128932,0.5406022,Somitic_mesoderm,0.8,43,0,milo_tri
12221,56,48412,3329,0.21408360128617362,0.0011554015020219526,0.998844598497978,0.7859163987138263,0.01654357459379616,0.9834564254062038,0.21408360128617365,0.8082258114905183,0.5406022,Somitic_mesoderm,0.8,44,0,milo_red
12261,16,48452,3289,0.2115112540192926,3.3011471486341505e-4,0.9996698852851366,0.7884887459807074,0.004841149773071104,0.9951588502269288,0.2115112540192926,0.8082258114905183,0.5406022,Somitic_mesoderm,0.8,44,0,milo_tri
12421,32,48436,3129,0.2012218649517685,6.602294297268301e-4,0.9993397705702731,0.7987781350482315,0.01012337867763366,0.9898766213223663,0.20122186495176853,0.8054765847105502,0.5406022,Somitic_mesoderm,0.8,45,0,milo_red
12603,5,48463,2947,0.18951768488745982,1.031608483948172e-4,0.9998968391516052,0.8104823151125402,0.0016937669376693768,0.9983062330623306,0.1895176848874598,0.8030553906713737,0.5406022,Somitic_mesoderm,0.8,45,0,milo_tri
16045,36,44240,3697,0.18726572788977813,8.130815791851115e-4,0.9991869184208149,0.8127342721102219,0.00964371818912403,0.990356281810876,0.18726572788977813,0.7488050235871161,0.5406022,Somitic_mesoderm,0.85,43,0,milo_red
15911,2,44274,3831,0.19405328740755748,4.517119884361731e-5,0.9999548288011564,0.8059467125924425,5.217845030002609e-4,0.9994782154969998,0.19405328740755745,0.7514292855134493,0.5406022,Somitic_mesoderm,0.85,43,0,milo_tri
15652,106,44171,4089,0.20713236411529304,0.0023940194683469973,0.997605980531653,0.792867635884707,0.02526817640047676,0.9747318235995233,0.207132364115293,0.7538504795526259,0.5406022,Somitic_mesoderm,0.85,44,0,milo_red
15289,123,44153,4453,0.22555972039307062,0.0027780287288824645,0.9972219712711176,0.7744402796069294,0.026879370629370628,0.9731206293706294,0.2255597203930706,0.7592552094723359,0.5406022,Somitic_mesoderm,0.85,44,0,milo_tri
15554,43,44233,4188,0.21213656164522338,9.711807751377722e-4,0.9990288192248622,0.7878634383547766,0.010163082013708344,0.9898369179862917,0.21213656164522343,0.7563653972320284,0.5406022,Somitic_mesoderm,0.85,45,0,milo_red
15669,28,44249,4072,0.20627121219796363,6.323825010727918e-4,0.9993676174989272,0.7937287878020364,0.006829268292682927,0.9931707317073171,0.20627121219796363,0.754803336561592,0.5406022,Somitic_mesoderm,0.85,45,0,milo_tri
19668,10,39908,4432,0.18390041493775933,2.5051355278320555e-4,0.9997494864472168,0.8160995850622407,0.0022512381809995496,0.9977487618190004,0.18390041493775933,0.6926177012715173,0.5406022,Somitic_mesoderm,0.9,43,0,milo_red
19571,13,39905,4529,0.1879253112033195,3.2566761861816724e-4,0.9996743323813818,0.8120746887966805,0.0028621752531924264,0.9971378247468076,0.18792531120331946,0.6940860383017277,0.5406022,Somitic_mesoderm,0.9,43,0,milo_tri
19492,82,39837,4607,0.1911697580812482,0.0020541596733385107,0.9979458403266614,0.8088302419187519,0.01748773725741096,0.9825122627425891,0.19116975808124814,0.6942422443687712,0.5406022,Somitic_mesoderm,0.9,44,0,milo_red
19496,84,39834,4604,0.19103734439834025,0.0021043138433789266,0.997895686156621,0.8089626556016597,0.017918088737201365,0.9820819112627986,0.1910373443983403,0.694148520728545,0.5406022,Somitic_mesoderm,0.9,44,0,milo_tri
19551,60,39861,4546,0.18865418931817238,0.001502968362515969,0.998497031637484,0.8113458106818277,0.013026487190620929,0.9869735128093791,0.18865418931817235,0.6936642819207098,0.5406022,Somitic_mesoderm,0.9,45,0,milo_red
19815,22,39896,4285,0.17780082987551868,5.511298161230523e-4,0.999448870183877,0.8221991701244813,0.005107963779893197,0.9948920362201068,0.1778008298755187,0.6901340248055234,0.5406022,Somitic_mesoderm,0.9,45,0,milo_tri
23817,34,35496,4671,0.16396377422072453,9.569377990430622e-4,0.999043062200957,0.8360362257792755,0.007226354941551541,0.9927736450584485,0.1639637742207245,0.6274329094942047,0.5406022,Somitic_mesoderm,0.95,43,0,milo_red
23658,31,35499,4830,0.16954507160909857,8.725021108922038e-4,0.9991274978891078,0.8304549283909014,0.006377288623739971,0.99362271137626,0.1695450716090986,0.6299634477803118,0.5406022,Somitic_mesoderm,0.95,43,0,milo_tri
23605,81,35452,4880,0.17131823766894858,0.002279571102918414,0.9977204288970816,0.8286817623310514,0.01632735335617819,0.9836726466438218,0.1713182376689486,0.6300103096004249,0.5406022,Somitic_mesoderm,0.95,44,0,milo_red
23525,133,35395,4965,0.17427167427167428,0.003743526232830444,0.9962564737671695,0.8257283257283258,0.02608866222047862,0.9739113377795214,0.17427167427167423,0.6304476865881471,0.5406022,Somitic_mesoderm,0.95,44,0,milo_tri
23031,425,35106,5456,0.19152595920946397,0.011961385832090287,0.9880386141679097,0.8084740407905361,0.07226662132290426,0.9277333786770957,0.19152595920946391,0.6336030491424287,0.5406022,Somitic_mesoderm,0.95,45,0,milo_red
23501,64,35463,4990,0.17514302762275807,0.00180144678695077,0.9981985532130492,0.824856972377242,0.012663237039968342,0.9873367629600317,0.17514302762275802,0.631900403011653,0.5406022,Somitic_mesoderm,0.95,45,0,milo_tri
